<keymap version="1" name="Default copy 1" parent="$default">
  <action id="Arrangement.Rule.Match.Condition.Move.Down">
    <keyboard-shortcut first-keystroke="ctrl down" />
  </action>
  <action id="Arrangement.Rule.Match.Condition.Move.Up">
    <keyboard-shortcut first-keystroke="ctrl up" />
  </action>
  <action id="CloseAllEditorsButActive">
    <keyboard-shortcut first-keystroke="ctrl q" />
  </action>
  <action id="CloseContent">
    <keyboard-shortcut first-keystroke="ctrl f4" />
    <keyboard-shortcut first-keystroke="ctrl w" />
  </action>
  <action id="CollapseBlock">
    <keyboard-shortcut first-keystroke="shift ctrl period" />
    <keyboard-shortcut first-keystroke="shift ctrl back_slash" />
  </action>
  <action id="CollapseSelection">
    <keyboard-shortcut first-keystroke="ctrl period" />
    <keyboard-shortcut first-keystroke="ctrl back_slash" />
  </action>
  <action id="EditorLookupDown" />
  <action id="EditorLookupUp" />
  <action id="EditorScrollDown" />
  <action id="EditorScrollUp" />
  <action id="EditorSelectWord">
    <keyboard-shortcut first-keystroke="alt up" />
  </action>
  <action id="EditorUnSelectWord">
    <keyboard-shortcut first-keystroke="alt down" />
  </action>
  <action id="FixDocComment">
    <keyboard-shortcut first-keystroke="alt m" />
  </action>
  <action id="MethodDown">
    <keyboard-shortcut first-keystroke="ctrl down" />
  </action>
  <action id="MethodUp">
    <keyboard-shortcut first-keystroke="ctrl up" />
  </action>
  <action id="PsiViewer">
    <keyboard-shortcut first-keystroke="shift ctrl o" />
  </action>
  <action id="Refresh">
    <keyboard-shortcut first-keystroke="ctrl f5" />
    <keyboard-shortcut first-keystroke="alt r" />
  </action>
  <action id="ShowContent">
    <keyboard-shortcut first-keystroke="ctrl down" />
  </action>
  <action id="SplitHorizontally">
    <keyboard-shortcut first-keystroke="alt h" />
  </action>
  <action id="SplitVertically">
    <keyboard-shortcut first-keystroke="alt i" />
  </action>
  <action id="Spy-js.ShowAppDependencyGraph">
    <keyboard-shortcut first-keystroke="shift ctrl alt o" />
  </action>
  <action id="SurroundWith">
    <keyboard-shortcut first-keystroke="ctrl alt t" />
    <keyboard-shortcut first-keystroke="alt t" />
  </action>
</keymap>