<keymap version="1" name="IntelliJ IDEA Classic copy" parent="Mac OS X">
  <action id="CloseAllEditorsButActive">
    <keyboard-shortcut first-keystroke="ctrl q" />
  </action>
  <action id="CloseContent">
    <keyboard-shortcut first-keystroke="meta f4" />
    <keyboard-shortcut first-keystroke="ctrl w" />
  </action>
  <action id="EditorDecreaseFontSize">
    <mouse-shortcut keystroke="meta button143" />
  </action>
  <action id="EditorIncreaseFontSize">
    <mouse-shortcut keystroke="meta button142" />
  </action>
  <action id="EditorResetFontSize">
    <mouse-shortcut keystroke="meta button2" />
  </action>
  <action id="EvaluateExpression">
    <keyboard-shortcut first-keystroke="alt f8" />
    <keyboard-shortcut first-keystroke="alt d" />
  </action>
  <action id="FileStructurePopup">
    <keyboard-shortcut first-keystroke="meta f12" />
    <keyboard-shortcut first-keystroke="alt s" />
  </action>
  <action id="IntroduceConstant">
    <keyboard-shortcut first-keystroke="meta alt c" />
    <keyboard-shortcut first-keystroke="alt c" />
  </action>
  <action id="IntroduceVariable">
    <keyboard-shortcut first-keystroke="meta alt v" />
    <keyboard-shortcut first-keystroke="alt v" />
  </action>
</keymap>